idx,policy,demand_charge_mean,demand_charge_std,energy_cost_mean,energy_cost_std,soc_diff_mean,soc_diff_std
7,ILP,1706.230350,211.633393,5269.784960,223.172606,0,0
1,dMCTS,1391.1802666666665,135.87301682739567,4915.348363658333,173.98556281847505,0.48028914461628625,0.6656387962330289
2,MILP-LA,1424.8162104526377,84.22468413459319,5121.511998790711,222.8713599697568,-5.7247458877110144,0.7195839221396202
3,DDPG,1644.6102410329975,105.92849538177185,5347.2636747772385,230.1087321212215,0.6064999999999999,2.0700013006313265
4,SmartCharge,1758.5841,69.36998932953725,5362.204535114584,233.2799977365898,0.558,2.4954518628897655
5,ReqCharge,2177.563349206349,362.44029173951884,5385.59109537996,227.22167460513998,0.6152380952380953,2.4348708775777395
6,MaxCharge,2777.7188833333335,413.2190258086062,6228.607775114584,366.86538659595715,35.46,9.07603147683067